{
  "sigma_0_true": 3.27,
  "v_0_true": 34.9,
  "sigma_0_fit": 5.832109334313382,
  "v_0_fit": 47.4107575320166,
  "chi2_fit": 0.9626537631139485,
  "bias_sigma_pct": 78.35196741019517,
  "bias_v_pct": 35.84744278514787,
  "n_galaxies": 80,
  "success": 